model,layer,language,token_count,vocab_percentage,avg_similarity,match_rate_pct,match_count,total_sampled
meta-llama/Llama-3.1-8B-Instruct,0,english,46290,36.09,0.017532,71.12,32921,46290
meta-llama/Llama-3.1-8B-Instruct,0,spanish,27457,21.41,0.016395,1.6,439,27457
meta-llama/Llama-3.1-8B-Instruct,0,chinese,18525,14.44,0.014893,3.87,716,18525
meta-llama/Llama-3.1-8B-Instruct,0,french,21393,16.68,0.015138,0.74,158,21393
meta-llama/Llama-3.1-8B-Instruct,0,german,14591,11.38,0.014644,0.12,18,14591
meta-llama/Llama-3.1-8B-Instruct,1,english,45958,35.83,0.022442,67.67,31099,45958
meta-llama/Llama-3.1-8B-Instruct,1,spanish,12628,9.85,0.017942,0.66,83,12628
meta-llama/Llama-3.1-8B-Instruct,1,chinese,15600,12.16,0.019521,3.42,533,15600
meta-llama/Llama-3.1-8B-Instruct,1,french,21207,16.53,0.019238,0.81,171,21207
meta-llama/Llama-3.1-8B-Instruct,1,german,32863,25.62,0.021437,0.2,67,32863
meta-llama/Llama-3.1-8B-Instruct,2,english,50343,39.25,0.024286,67.94,34201,50343
meta-llama/Llama-3.1-8B-Instruct,2,spanish,11158,8.7,0.017996,0.84,94,11158
meta-llama/Llama-3.1-8B-Instruct,2,chinese,13081,10.2,0.020006,2.97,388,13081
meta-llama/Llama-3.1-8B-Instruct,2,french,34491,26.89,0.021914,0.83,286,34491
meta-llama/Llama-3.1-8B-Instruct,2,german,19183,14.96,0.019759,0.19,37,19183
meta-llama/Llama-3.1-8B-Instruct,3,english,42422,33.08,0.022921,67.66,28702,42422
meta-llama/Llama-3.1-8B-Instruct,3,spanish,16049,12.51,0.018618,1.05,168,16049
meta-llama/Llama-3.1-8B-Instruct,3,chinese,20702,16.14,0.02095,3.43,710,20702
meta-llama/Llama-3.1-8B-Instruct,3,french,28226,22.01,0.020381,0.75,213,28226
meta-llama/Llama-3.1-8B-Instruct,3,german,20857,16.26,0.019525,0.1,21,20857
meta-llama/Llama-3.1-8B-Instruct,4,english,19654,15.32,0.019343,78.56,15440,19654
meta-llama/Llama-3.1-8B-Instruct,4,spanish,14212,11.08,0.018048,0.87,124,14212
meta-llama/Llama-3.1-8B-Instruct,4,chinese,49944,38.94,0.023573,4.1,2049,49944
meta-llama/Llama-3.1-8B-Instruct,4,french,19592,15.28,0.018652,0.7,137,19592
meta-llama/Llama-3.1-8B-Instruct,4,german,24854,19.38,0.019957,0.2,49,24854
meta-llama/Llama-3.1-8B-Instruct,5,english,44368,34.59,0.024945,68.36,30328,44368
meta-llama/Llama-3.1-8B-Instruct,5,spanish,14969,11.67,0.01966,1.02,152,14969
meta-llama/Llama-3.1-8B-Instruct,5,chinese,23633,18.43,0.022579,3.16,747,23633
meta-llama/Llama-3.1-8B-Instruct,5,french,22608,17.63,0.020594,0.7,158,22608
meta-llama/Llama-3.1-8B-Instruct,5,german,22678,17.68,0.021566,0.15,34,22678
meta-llama/Llama-3.1-8B-Instruct,6,english,18417,14.36,0.018282,74.91,13796,18417
meta-llama/Llama-3.1-8B-Instruct,6,spanish,29934,23.34,0.017824,1.55,463,29934
meta-llama/Llama-3.1-8B-Instruct,6,chinese,26219,20.44,0.018638,3.22,844,26219
meta-llama/Llama-3.1-8B-Instruct,6,french,32267,25.16,0.017803,0.99,318,32267
meta-llama/Llama-3.1-8B-Instruct,6,german,21419,16.7,0.017061,0.17,36,21419
meta-llama/Llama-3.1-8B-Instruct,7,english,28909,22.54,0.020688,73.53,21258,28909
meta-llama/Llama-3.1-8B-Instruct,7,spanish,23950,18.67,0.018983,1.44,345,23950
meta-llama/Llama-3.1-8B-Instruct,7,chinese,23653,18.44,0.02048,3.14,743,23653
meta-llama/Llama-3.1-8B-Instruct,7,french,24109,18.8,0.019042,0.71,170,24109
meta-llama/Llama-3.1-8B-Instruct,7,german,27635,21.55,0.019667,0.21,57,27635
meta-llama/Llama-3.1-8B-Instruct,8,english,20141,15.7,0.018748,75.2,15146,20141
meta-llama/Llama-3.1-8B-Instruct,8,spanish,24315,18.96,0.017958,1.37,334,24315
meta-llama/Llama-3.1-8B-Instruct,8,chinese,28638,22.33,0.019795,3.55,1018,28638
meta-llama/Llama-3.1-8B-Instruct,8,french,27508,21.45,0.018703,0.8,220,27508
meta-llama/Llama-3.1-8B-Instruct,8,german,27654,21.56,0.018856,0.24,65,27654
meta-llama/Llama-3.1-8B-Instruct,9,english,37463,29.21,0.021811,68.66,25721,37463
meta-llama/Llama-3.1-8B-Instruct,9,spanish,19586,15.27,0.01864,1.24,243,19586
meta-llama/Llama-3.1-8B-Instruct,9,chinese,31653,24.68,0.020964,3.32,1051,31653
meta-llama/Llama-3.1-8B-Instruct,9,french,19846,15.47,0.018643,0.49,97,19846
meta-llama/Llama-3.1-8B-Instruct,9,german,19708,15.37,0.018823,0.2,39,19708
meta-llama/Llama-3.1-8B-Instruct,10,english,20142,15.7,0.018932,75.84,15276,20142
meta-llama/Llama-3.1-8B-Instruct,10,spanish,15864,12.37,0.017467,0.92,146,15864
meta-llama/Llama-3.1-8B-Instruct,10,chinese,31482,24.55,0.020531,3.26,1026,31482
meta-llama/Llama-3.1-8B-Instruct,10,french,30613,23.87,0.01929,0.61,187,30613
meta-llama/Llama-3.1-8B-Instruct,10,german,30155,23.51,0.019686,0.28,85,30155
meta-llama/Llama-3.1-8B-Instruct,11,english,31106,24.25,0.02244,70.56,21949,31106
meta-llama/Llama-3.1-8B-Instruct,11,spanish,13617,10.62,0.018433,0.88,120,13617
meta-llama/Llama-3.1-8B-Instruct,11,chinese,32306,25.19,0.022794,3.27,1058,32306
meta-llama/Llama-3.1-8B-Instruct,11,french,27487,21.43,0.020822,0.59,162,27487
meta-llama/Llama-3.1-8B-Instruct,11,german,23740,18.51,0.020663,0.28,67,23740
meta-llama/Llama-3.1-8B-Instruct,12,english,36070,28.12,0.019724,71.26,25704,36070
meta-llama/Llama-3.1-8B-Instruct,12,spanish,21594,16.84,0.017721,1.3,281,21594
meta-llama/Llama-3.1-8B-Instruct,12,chinese,25474,19.86,0.018548,3.09,788,25474
meta-llama/Llama-3.1-8B-Instruct,12,french,22643,17.65,0.017954,0.61,137,22643
meta-llama/Llama-3.1-8B-Instruct,12,german,22475,17.52,0.018217,0.22,49,22475
meta-llama/Llama-3.1-8B-Instruct,13,english,23495,18.32,0.019826,72.87,17120,23495
meta-llama/Llama-3.1-8B-Instruct,13,spanish,20711,16.15,0.018906,1.29,267,20711
meta-llama/Llama-3.1-8B-Instruct,13,chinese,23956,18.68,0.020331,2.87,687,23956
meta-llama/Llama-3.1-8B-Instruct,13,french,28582,22.29,0.020105,0.73,210,28582
meta-llama/Llama-3.1-8B-Instruct,13,german,31512,24.57,0.020397,0.25,79,31512
meta-llama/Llama-3.1-8B-Instruct,14,english,26877,20.96,0.019556,72.15,19392,26877
meta-llama/Llama-3.1-8B-Instruct,14,spanish,24044,18.75,0.017565,1.4,336,24044
meta-llama/Llama-3.1-8B-Instruct,14,chinese,22009,17.16,0.018659,2.53,556,22009
meta-llama/Llama-3.1-8B-Instruct,14,french,25342,19.76,0.017857,0.67,169,25342
meta-llama/Llama-3.1-8B-Instruct,14,german,29984,23.38,0.01858,0.29,87,29984
meta-llama/Llama-3.1-8B-Instruct,15,english,24202,18.87,0.019686,74.03,17916,24202
meta-llama/Llama-3.1-8B-Instruct,15,spanish,17689,13.79,0.01786,1.44,255,17689
meta-llama/Llama-3.1-8B-Instruct,15,chinese,19846,15.47,0.019121,2.62,520,19846
meta-llama/Llama-3.1-8B-Instruct,15,french,33796,26.35,0.019658,0.78,262,33796
meta-llama/Llama-3.1-8B-Instruct,15,german,32723,25.51,0.019913,0.34,110,32723
meta-llama/Llama-3.1-8B-Instruct,16,english,32307,25.19,0.021649,69.81,22554,32307
meta-llama/Llama-3.1-8B-Instruct,16,spanish,21451,16.73,0.019073,1.14,244,21451
meta-llama/Llama-3.1-8B-Instruct,16,chinese,16285,12.7,0.018975,2.44,398,16285
meta-llama/Llama-3.1-8B-Instruct,16,french,28925,22.55,0.020101,0.71,205,28925
meta-llama/Llama-3.1-8B-Instruct,16,german,29288,22.84,0.020201,0.31,91,29288
meta-llama/Llama-3.1-8B-Instruct,17,english,27711,21.61,0.018932,69.61,19290,27711
meta-llama/Llama-3.1-8B-Instruct,17,spanish,35233,27.47,0.018965,1.54,544,35233
meta-llama/Llama-3.1-8B-Instruct,17,chinese,16621,12.96,0.017905,2.17,361,16621
meta-llama/Llama-3.1-8B-Instruct,17,french,24429,19.05,0.018294,0.89,217,24429
meta-llama/Llama-3.1-8B-Instruct,17,german,24262,18.92,0.017959,0.33,80,24262
meta-llama/Llama-3.1-8B-Instruct,18,english,31031,24.19,0.02168,70.97,22022,31031
meta-llama/Llama-3.1-8B-Instruct,18,spanish,31945,24.91,0.020844,1.6,511,31945
meta-llama/Llama-3.1-8B-Instruct,18,chinese,13322,10.39,0.018816,2.16,288,13322
meta-llama/Llama-3.1-8B-Instruct,18,french,32041,24.98,0.021348,1.1,353,32041
meta-llama/Llama-3.1-8B-Instruct,18,german,19917,15.53,0.019615,0.29,58,19917
meta-llama/Llama-3.1-8B-Instruct,19,english,27314,21.3,0.020577,72.9,19911,27314
meta-llama/Llama-3.1-8B-Instruct,19,spanish,32901,25.65,0.020413,1.56,513,32901
meta-llama/Llama-3.1-8B-Instruct,19,chinese,18225,14.21,0.019587,2.3,419,18225
meta-llama/Llama-3.1-8B-Instruct,19,french,20885,16.28,0.019243,0.87,182,20885
meta-llama/Llama-3.1-8B-Instruct,19,german,28931,22.56,0.020286,0.35,101,28931
meta-llama/Llama-3.1-8B-Instruct,20,english,35235,27.47,0.020276,69.16,24369,35235
meta-llama/Llama-3.1-8B-Instruct,20,spanish,31426,24.5,0.019663,1.57,492,31426
meta-llama/Llama-3.1-8B-Instruct,20,chinese,18266,14.24,0.018516,2.24,409,18266
meta-llama/Llama-3.1-8B-Instruct,20,french,20953,16.34,0.018132,0.8,168,20953
meta-llama/Llama-3.1-8B-Instruct,20,german,22376,17.45,0.018613,0.24,53,22376
meta-llama/Llama-3.1-8B-Instruct,21,english,19249,15.01,0.018559,72.92,14036,19249
meta-llama/Llama-3.1-8B-Instruct,21,spanish,39058,30.45,0.019674,1.68,655,39058
meta-llama/Llama-3.1-8B-Instruct,21,chinese,15505,12.09,0.017989,2.15,334,15505
meta-llama/Llama-3.1-8B-Instruct,21,french,29164,22.74,0.019017,0.83,243,29164
meta-llama/Llama-3.1-8B-Instruct,21,german,25280,19.71,0.018516,0.32,81,25280
meta-llama/Llama-3.1-8B-Instruct,22,english,23945,18.67,0.020331,69.59,16663,23945
meta-llama/Llama-3.1-8B-Instruct,22,spanish,41181,32.11,0.021189,1.77,727,41181
meta-llama/Llama-3.1-8B-Instruct,22,chinese,14594,11.38,0.01866,2.01,294,14594
meta-llama/Llama-3.1-8B-Instruct,22,french,22306,17.39,0.019331,0.73,162,22306
meta-llama/Llama-3.1-8B-Instruct,22,german,26230,20.45,0.019582,0.27,72,26230
meta-llama/Llama-3.1-8B-Instruct,23,english,24430,19.05,0.0191,72.47,17705,24430
meta-llama/Llama-3.1-8B-Instruct,23,spanish,33062,25.78,0.019127,1.55,513,33062
meta-llama/Llama-3.1-8B-Instruct,23,chinese,18984,14.8,0.018128,2.5,475,18984
meta-llama/Llama-3.1-8B-Instruct,23,french,27793,21.67,0.018398,0.72,201,27793
meta-llama/Llama-3.1-8B-Instruct,23,german,23987,18.7,0.018163,0.25,61,23987
meta-llama/Llama-3.1-8B-Instruct,24,english,16342,12.74,0.018938,75.46,12331,16342
meta-llama/Llama-3.1-8B-Instruct,24,spanish,39235,30.59,0.020178,1.74,684,39235
meta-llama/Llama-3.1-8B-Instruct,24,chinese,15678,12.22,0.01789,2.54,399,15678
meta-llama/Llama-3.1-8B-Instruct,24,french,26569,20.72,0.019155,0.69,182,26569
meta-llama/Llama-3.1-8B-Instruct,24,german,30432,23.73,0.019793,0.35,105,30432
meta-llama/Llama-3.1-8B-Instruct,25,english,19289,15.04,0.019077,74.11,14295,19289
meta-llama/Llama-3.1-8B-Instruct,25,spanish,29741,23.19,0.019847,1.62,483,29741
meta-llama/Llama-3.1-8B-Instruct,25,chinese,19650,15.32,0.018303,2.82,554,19650
meta-llama/Llama-3.1-8B-Instruct,25,french,28538,22.25,0.019486,0.88,251,28538
meta-llama/Llama-3.1-8B-Instruct,25,german,31038,24.2,0.019785,0.31,96,31038
meta-llama/Llama-3.1-8B-Instruct,26,english,21393,16.68,0.018155,73.88,15805,21393
meta-llama/Llama-3.1-8B-Instruct,26,spanish,32685,25.48,0.019249,1.67,547,32685
meta-llama/Llama-3.1-8B-Instruct,26,chinese,18189,14.18,0.018097,2.36,429,18189
meta-llama/Llama-3.1-8B-Instruct,26,french,32573,25.4,0.018859,0.8,260,32573
meta-llama/Llama-3.1-8B-Instruct,26,german,23416,18.26,0.018287,0.33,77,23416
meta-llama/Llama-3.1-8B-Instruct,27,english,25235,19.68,0.019731,72.53,18303,25235
meta-llama/Llama-3.1-8B-Instruct,27,spanish,36495,28.45,0.020895,1.64,599,36495
meta-llama/Llama-3.1-8B-Instruct,27,chinese,20719,16.15,0.019206,2.64,546,20719
meta-llama/Llama-3.1-8B-Instruct,27,french,21069,16.43,0.019149,0.71,150,21069
meta-llama/Llama-3.1-8B-Instruct,27,german,24738,19.29,0.020128,0.35,87,24738
meta-llama/Llama-3.1-8B-Instruct,28,english,16539,12.9,0.018338,77.01,12737,16539
meta-llama/Llama-3.1-8B-Instruct,28,spanish,28255,22.03,0.01931,1.64,463,28255
meta-llama/Llama-3.1-8B-Instruct,28,chinese,26845,20.93,0.018904,2.79,750,26845
meta-llama/Llama-3.1-8B-Instruct,28,french,25790,20.11,0.018855,0.67,174,25790
meta-llama/Llama-3.1-8B-Instruct,28,german,30827,24.04,0.019551,0.32,100,30827
meta-llama/Llama-3.1-8B-Instruct,29,english,21424,16.7,0.018741,75.85,16251,21424
meta-llama/Llama-3.1-8B-Instruct,29,spanish,29134,22.72,0.019515,1.5,436,29134
meta-llama/Llama-3.1-8B-Instruct,29,chinese,15917,12.41,0.018949,2.47,393,15917
meta-llama/Llama-3.1-8B-Instruct,29,french,26481,20.65,0.019258,0.68,181,26481
meta-llama/Llama-3.1-8B-Instruct,29,german,35300,27.52,0.020534,0.29,102,35300
meta-llama/Llama-3.1-8B-Instruct,30,english,13956,10.88,0.016192,79.51,11097,13956
meta-llama/Llama-3.1-8B-Instruct,30,spanish,34498,26.9,0.018216,1.37,471,34498
meta-llama/Llama-3.1-8B-Instruct,30,chinese,20575,16.04,0.01686,3.34,688,20575
meta-llama/Llama-3.1-8B-Instruct,30,french,32868,25.63,0.018431,0.96,317,32868
meta-llama/Llama-3.1-8B-Instruct,30,german,26359,20.55,0.018053,0.34,90,26359
meta-llama/Llama-3.1-8B-Instruct,31,english,16949,13.21,0.019869,76.41,12950,16949
meta-llama/Llama-3.1-8B-Instruct,31,spanish,38263,29.83,0.022696,1.85,709,38263
meta-llama/Llama-3.1-8B-Instruct,31,chinese,17870,13.93,0.020494,4.02,718,17870
meta-llama/Llama-3.1-8B-Instruct,31,french,18465,14.4,0.020012,0.94,173,18465
meta-llama/Llama-3.1-8B-Instruct,31,german,36709,28.62,0.0232,0.36,133,36709
Qwen/Qwen2.5-7B-Instruct,0,english,35204,23.15,0.017884,54.35,19134,35204
Qwen/Qwen2.5-7B-Instruct,0,spanish,19203,12.63,0.017104,0.7,134,19203
Qwen/Qwen2.5-7B-Instruct,0,chinese,22287,14.66,0.017525,18.72,4173,22287
Qwen/Qwen2.5-7B-Instruct,0,french,35334,23.24,0.018895,0.67,236,35334
Qwen/Qwen2.5-7B-Instruct,0,german,40036,26.33,0.018921,0.31,124,40036
Qwen/Qwen2.5-7B-Instruct,1,english,20775,13.66,0.01947,65.38,13583,20775
Qwen/Qwen2.5-7B-Instruct,1,spanish,32863,21.61,0.02002,0.82,271,32863
Qwen/Qwen2.5-7B-Instruct,1,chinese,25543,16.8,0.021082,18.01,4600,25543
Qwen/Qwen2.5-7B-Instruct,1,french,51573,33.92,0.021508,0.77,395,51573
Qwen/Qwen2.5-7B-Instruct,1,german,21310,14.01,0.019812,0.21,45,21310
Qwen/Qwen2.5-7B-Instruct,2,english,23334,15.34,0.019499,62.76,14645,23334
Qwen/Qwen2.5-7B-Instruct,2,spanish,43817,28.81,0.019818,0.82,360,43817
Qwen/Qwen2.5-7B-Instruct,2,chinese,26536,17.45,0.020303,15.3,4061,26536
Qwen/Qwen2.5-7B-Instruct,2,french,39546,26.01,0.020845,0.64,253,39546
Qwen/Qwen2.5-7B-Instruct,2,german,18831,12.38,0.0191,0.2,37,18831
Qwen/Qwen2.5-7B-Instruct,3,english,47151,31.01,0.02329,53.77,25352,47151
Qwen/Qwen2.5-7B-Instruct,3,spanish,23510,15.46,0.020274,0.89,210,23510
Qwen/Qwen2.5-7B-Instruct,3,chinese,27304,17.96,0.022331,16.59,4529,27304
Qwen/Qwen2.5-7B-Instruct,3,french,34302,22.56,0.022032,0.61,209,34302
Qwen/Qwen2.5-7B-Instruct,3,german,19797,13.02,0.020785,0.17,34,19797
Qwen/Qwen2.5-7B-Instruct,4,english,30544,20.09,0.019865,61.86,18896,30544
Qwen/Qwen2.5-7B-Instruct,4,spanish,53668,35.29,0.020999,0.82,439,53668
Qwen/Qwen2.5-7B-Instruct,4,chinese,13760,9.05,0.019308,20.68,2845,13760
Qwen/Qwen2.5-7B-Instruct,4,french,23808,15.66,0.019265,0.66,158,23808
Qwen/Qwen2.5-7B-Instruct,4,german,30284,19.92,0.01994,0.28,85,30284
Qwen/Qwen2.5-7B-Instruct,5,english,36831,24.22,0.022602,59.0,21730,36831
Qwen/Qwen2.5-7B-Instruct,5,spanish,26698,17.56,0.021255,0.75,201,26698
Qwen/Qwen2.5-7B-Instruct,5,chinese,18850,12.4,0.021515,21.35,4025,18850
Qwen/Qwen2.5-7B-Instruct,5,french,25090,16.5,0.021463,0.62,156,25090
Qwen/Qwen2.5-7B-Instruct,5,german,44595,29.33,0.022766,0.27,119,44595
Qwen/Qwen2.5-7B-Instruct,6,english,37724,24.81,0.021725,55.61,20978,37724
Qwen/Qwen2.5-7B-Instruct,6,spanish,36518,24.01,0.021482,0.74,270,36518
Qwen/Qwen2.5-7B-Instruct,6,chinese,16429,10.8,0.02124,21.35,3507,16429
Qwen/Qwen2.5-7B-Instruct,6,french,31678,20.83,0.020937,0.67,213,31678
Qwen/Qwen2.5-7B-Instruct,6,german,29715,19.54,0.021058,0.27,80,29715
Qwen/Qwen2.5-7B-Instruct,7,english,33277,21.88,0.021219,61.05,20315,33277
Qwen/Qwen2.5-7B-Instruct,7,spanish,46122,30.33,0.020983,0.79,364,46122
Qwen/Qwen2.5-7B-Instruct,7,chinese,17642,11.6,0.020844,20.54,3623,17642
Qwen/Qwen2.5-7B-Instruct,7,french,24211,15.92,0.019468,0.66,160,24211
Qwen/Qwen2.5-7B-Instruct,7,german,30812,20.26,0.020204,0.21,65,30812
Qwen/Qwen2.5-7B-Instruct,8,english,32742,21.53,0.022101,58.22,19063,32742
Qwen/Qwen2.5-7B-Instruct,8,spanish,22412,14.74,0.019418,0.87,194,22412
Qwen/Qwen2.5-7B-Instruct,8,chinese,22611,14.87,0.021523,19.31,4366,22611
Qwen/Qwen2.5-7B-Instruct,8,french,50350,33.11,0.022733,0.77,389,50350
Qwen/Qwen2.5-7B-Instruct,8,german,23949,15.75,0.020246,0.19,45,23949
Qwen/Qwen2.5-7B-Instruct,9,english,51339,33.76,0.021289,52.19,26794,51339
Qwen/Qwen2.5-7B-Instruct,9,spanish,22156,14.57,0.018118,0.77,170,22156
Qwen/Qwen2.5-7B-Instruct,9,chinese,22331,14.69,0.020008,18.5,4131,22331
Qwen/Qwen2.5-7B-Instruct,9,french,35289,23.21,0.0197,0.72,253,35289
Qwen/Qwen2.5-7B-Instruct,9,german,20949,13.78,0.018663,0.15,32,20949
Qwen/Qwen2.5-7B-Instruct,10,english,37957,24.96,0.0205,52.3,19850,37957
Qwen/Qwen2.5-7B-Instruct,10,spanish,23764,15.63,0.018994,0.75,179,23764
Qwen/Qwen2.5-7B-Instruct,10,chinese,25594,16.83,0.020867,18.29,4680,25594
Qwen/Qwen2.5-7B-Instruct,10,french,40349,26.53,0.020497,0.72,290,40349
Qwen/Qwen2.5-7B-Instruct,10,german,24400,16.05,0.019078,0.2,50,24400
Qwen/Qwen2.5-7B-Instruct,11,english,40276,26.49,0.02086,52.19,21019,40276
Qwen/Qwen2.5-7B-Instruct,11,spanish,32320,21.25,0.019602,0.88,285,32320
Qwen/Qwen2.5-7B-Instruct,11,chinese,17378,11.43,0.020362,17.79,3091,17378
Qwen/Qwen2.5-7B-Instruct,11,french,39814,26.18,0.020553,0.76,304,39814
Qwen/Qwen2.5-7B-Instruct,11,german,22276,14.65,0.018767,0.27,61,22276
Qwen/Qwen2.5-7B-Instruct,12,english,34834,22.91,0.020904,52.54,18303,34834
Qwen/Qwen2.5-7B-Instruct,12,spanish,25907,17.04,0.020194,0.73,190,25907
Qwen/Qwen2.5-7B-Instruct,12,chinese,35187,23.14,0.022795,17.67,6218,35187
Qwen/Qwen2.5-7B-Instruct,12,french,31208,20.52,0.020719,0.7,220,31208
Qwen/Qwen2.5-7B-Instruct,12,german,24928,16.39,0.019675,0.27,67,24928
Qwen/Qwen2.5-7B-Instruct,13,english,39657,26.08,0.020638,52.43,20791,39657
Qwen/Qwen2.5-7B-Instruct,13,spanish,39014,25.66,0.020125,0.8,314,39014
Qwen/Qwen2.5-7B-Instruct,13,chinese,18457,12.14,0.019864,18.74,3459,18457
Qwen/Qwen2.5-7B-Instruct,13,french,32466,21.35,0.019845,0.63,204,32466
Qwen/Qwen2.5-7B-Instruct,13,german,22470,14.78,0.01859,0.32,73,22470
Qwen/Qwen2.5-7B-Instruct,14,english,40814,26.84,0.019337,54.11,22084,40814
Qwen/Qwen2.5-7B-Instruct,14,spanish,28151,18.51,0.018218,0.72,203,28151
Qwen/Qwen2.5-7B-Instruct,14,chinese,27272,17.93,0.019831,18.96,5170,27272
Qwen/Qwen2.5-7B-Instruct,14,french,30763,20.23,0.018875,0.68,209,30763
Qwen/Qwen2.5-7B-Instruct,14,german,25064,16.48,0.0179,0.28,70,25064
Qwen/Qwen2.5-7B-Instruct,15,english,59896,39.39,0.025966,52.52,31458,59896
Qwen/Qwen2.5-7B-Instruct,15,spanish,27948,18.38,0.020687,0.9,251,27948
Qwen/Qwen2.5-7B-Instruct,15,chinese,18561,12.21,0.02126,18.18,3375,18561
Qwen/Qwen2.5-7B-Instruct,15,french,23315,15.33,0.019983,0.6,141,23315
Qwen/Qwen2.5-7B-Instruct,15,german,22344,14.69,0.020027,0.25,55,22344
Qwen/Qwen2.5-7B-Instruct,16,english,62033,40.79,0.024698,52.61,32635,62033
Qwen/Qwen2.5-7B-Instruct,16,spanish,21206,13.95,0.018961,0.85,181,21206
Qwen/Qwen2.5-7B-Instruct,16,chinese,20406,13.42,0.0207,17.97,3666,20406
Qwen/Qwen2.5-7B-Instruct,16,french,24826,16.33,0.019506,0.56,138,24826
Qwen/Qwen2.5-7B-Instruct,16,german,23593,15.52,0.019472,0.27,63,23593
Qwen/Qwen2.5-7B-Instruct,17,english,47337,31.13,0.020835,52.82,25004,47337
Qwen/Qwen2.5-7B-Instruct,17,spanish,21225,13.96,0.017911,0.96,204,21225
Qwen/Qwen2.5-7B-Instruct,17,chinese,25619,16.85,0.020386,18.85,4828,25619
Qwen/Qwen2.5-7B-Instruct,17,french,29154,19.17,0.019142,0.64,186,29154
Qwen/Qwen2.5-7B-Instruct,17,german,28729,18.89,0.018917,0.27,77,28729
Qwen/Qwen2.5-7B-Instruct,18,english,49672,32.67,0.022325,52.85,26252,49672
Qwen/Qwen2.5-7B-Instruct,18,spanish,21940,14.43,0.018711,0.95,209,21940
Qwen/Qwen2.5-7B-Instruct,18,chinese,20406,13.42,0.020228,18.68,3811,20406
Qwen/Qwen2.5-7B-Instruct,18,french,32193,21.17,0.020002,0.71,228,32193
Qwen/Qwen2.5-7B-Instruct,18,german,27853,18.32,0.019882,0.29,80,27853
Qwen/Qwen2.5-7B-Instruct,19,english,54833,36.06,0.0235,52.68,28884,54833
Qwen/Qwen2.5-7B-Instruct,19,spanish,18699,12.3,0.01824,0.79,148,18699
Qwen/Qwen2.5-7B-Instruct,19,chinese,18864,12.41,0.020201,19.7,3716,18864
Qwen/Qwen2.5-7B-Instruct,19,french,26796,17.62,0.019419,0.63,170,26796
Qwen/Qwen2.5-7B-Instruct,19,german,32872,21.62,0.020572,0.36,117,32872
Qwen/Qwen2.5-7B-Instruct,20,english,41434,27.25,0.02095,53.11,22005,41434
Qwen/Qwen2.5-7B-Instruct,20,spanish,29029,19.09,0.019627,0.95,277,29029
Qwen/Qwen2.5-7B-Instruct,20,chinese,18362,12.08,0.019954,18.27,3355,18362
Qwen/Qwen2.5-7B-Instruct,20,french,25892,17.03,0.019035,0.68,177,25892
Qwen/Qwen2.5-7B-Instruct,20,german,37347,24.56,0.020717,0.27,101,37347
Qwen/Qwen2.5-7B-Instruct,21,english,41665,27.4,0.022593,52.15,21728,41665
Qwen/Qwen2.5-7B-Instruct,21,spanish,37373,24.58,0.021648,0.91,340,37373
Qwen/Qwen2.5-7B-Instruct,21,chinese,22353,14.7,0.021482,18.19,4067,22353
Qwen/Qwen2.5-7B-Instruct,21,french,24426,16.06,0.019974,0.65,158,24426
Qwen/Qwen2.5-7B-Instruct,21,german,26247,17.26,0.020335,0.27,70,26247
Qwen/Qwen2.5-7B-Instruct,22,english,47548,31.27,0.023877,52.2,24819,47548
Qwen/Qwen2.5-7B-Instruct,22,spanish,23209,15.26,0.020172,0.9,209,23209
Qwen/Qwen2.5-7B-Instruct,22,chinese,30078,19.78,0.022816,16.59,4991,30078
Qwen/Qwen2.5-7B-Instruct,22,french,21550,14.17,0.019949,0.57,122,21550
Qwen/Qwen2.5-7B-Instruct,22,german,29679,19.52,0.020867,0.27,79,29679
Qwen/Qwen2.5-7B-Instruct,23,english,45575,29.97,0.020805,53.03,24168,45575
Qwen/Qwen2.5-7B-Instruct,23,spanish,27284,17.94,0.01874,0.95,258,27284
Qwen/Qwen2.5-7B-Instruct,23,chinese,19059,12.53,0.020166,18.59,3544,19059
Qwen/Qwen2.5-7B-Instruct,23,french,25350,16.67,0.018865,0.65,166,25350
Qwen/Qwen2.5-7B-Instruct,23,german,34796,22.88,0.019727,0.27,94,34796
Qwen/Qwen2.5-7B-Instruct,24,english,40079,26.36,0.021461,52.5,21043,40079
Qwen/Qwen2.5-7B-Instruct,24,spanish,30622,20.14,0.0213,0.96,294,30622
Qwen/Qwen2.5-7B-Instruct,24,chinese,22381,14.72,0.021224,17.15,3839,22381
Qwen/Qwen2.5-7B-Instruct,24,french,28244,18.57,0.021026,0.64,181,28244
Qwen/Qwen2.5-7B-Instruct,24,german,30738,20.21,0.020994,0.31,95,30738
Qwen/Qwen2.5-7B-Instruct,25,english,40115,26.38,0.021244,54.59,21898,40115
Qwen/Qwen2.5-7B-Instruct,25,spanish,32383,21.3,0.021485,1.03,334,32383
Qwen/Qwen2.5-7B-Instruct,25,chinese,26563,17.47,0.021421,15.21,4039,26563
Qwen/Qwen2.5-7B-Instruct,25,french,23148,15.22,0.020464,0.6,140,23148
Qwen/Qwen2.5-7B-Instruct,25,german,29855,19.63,0.020974,0.33,100,29855
Qwen/Qwen2.5-7B-Instruct,26,english,37028,24.35,0.02044,54.73,20267,37028
Qwen/Qwen2.5-7B-Instruct,26,spanish,38179,25.11,0.021644,0.96,368,38179
Qwen/Qwen2.5-7B-Instruct,26,chinese,25809,16.97,0.021007,15.88,4099,25809
Qwen/Qwen2.5-7B-Instruct,26,french,24408,16.05,0.020687,0.66,160,24408
Qwen/Qwen2.5-7B-Instruct,26,german,26640,17.52,0.020667,0.31,83,26640
Qwen/Qwen2.5-7B-Instruct,27,english,30212,19.87,0.020322,60.76,18357,30212
Qwen/Qwen2.5-7B-Instruct,27,spanish,42714,28.09,0.020409,0.85,365,42714
Qwen/Qwen2.5-7B-Instruct,27,chinese,29101,19.14,0.020619,14.59,4247,29101
Qwen/Qwen2.5-7B-Instruct,27,french,24605,16.18,0.020354,0.73,180,24605
Qwen/Qwen2.5-7B-Instruct,27,german,25432,16.72,0.01978,0.37,93,25432
Qwen/Qwen2.5-Math-7B-Instruct,0,english,5711,3.76,0.01761,73.7,4209,5711
Qwen/Qwen2.5-Math-7B-Instruct,0,spanish,42981,28.27,0.019777,0.99,427,42981
Qwen/Qwen2.5-Math-7B-Instruct,0,chinese,23106,15.19,0.018662,18.44,4260,23106
Qwen/Qwen2.5-Math-7B-Instruct,0,french,55146,36.26,0.019075,0.73,405,55146
Qwen/Qwen2.5-Math-7B-Instruct,0,german,25120,16.52,0.018339,0.3,76,25120
Qwen/Qwen2.5-Math-7B-Instruct,1,english,36272,23.85,0.018477,61.85,22435,36272
Qwen/Qwen2.5-Math-7B-Instruct,1,spanish,14600,9.6,0.016968,0.66,97,14600
Qwen/Qwen2.5-Math-7B-Instruct,1,chinese,12923,8.5,0.017611,16.79,2170,12923
Qwen/Qwen2.5-Math-7B-Instruct,1,french,36976,24.32,0.018617,0.75,278,36976
Qwen/Qwen2.5-Math-7B-Instruct,1,german,51293,33.73,0.018041,0.21,108,51293
Qwen/Qwen2.5-Math-7B-Instruct,2,english,28353,18.65,0.015189,65.31,18516,28353
Qwen/Qwen2.5-Math-7B-Instruct,2,spanish,28541,18.77,0.014732,0.72,206,28541
Qwen/Qwen2.5-Math-7B-Instruct,2,chinese,9539,6.27,0.01449,17.94,1711,9539
Qwen/Qwen2.5-Math-7B-Instruct,2,french,44886,29.52,0.014053,0.74,331,44886
Qwen/Qwen2.5-Math-7B-Instruct,2,german,40745,26.79,0.014895,0.31,128,40745
Qwen/Qwen2.5-Math-7B-Instruct,3,english,31925,20.99,0.020199,63.88,20393,31925
Qwen/Qwen2.5-Math-7B-Instruct,3,spanish,14516,9.55,0.018192,0.65,94,14516
Qwen/Qwen2.5-Math-7B-Instruct,3,chinese,24186,15.91,0.019952,16.77,4057,24186
Qwen/Qwen2.5-Math-7B-Instruct,3,french,32739,21.53,0.019697,0.82,270,32739
Qwen/Qwen2.5-Math-7B-Instruct,3,german,48698,32.02,0.01934,0.24,119,48698
Qwen/Qwen2.5-Math-7B-Instruct,4,english,34196,22.49,0.019741,62.28,21296,34196
Qwen/Qwen2.5-Math-7B-Instruct,4,spanish,15896,10.45,0.018545,0.57,91,15896
Qwen/Qwen2.5-Math-7B-Instruct,4,chinese,35629,23.43,0.020149,17.01,6060,35629
Qwen/Qwen2.5-Math-7B-Instruct,4,french,21116,13.89,0.018545,0.67,142,21116
Qwen/Qwen2.5-Math-7B-Instruct,4,german,45227,29.74,0.018261,0.24,109,45227
Qwen/Qwen2.5-Math-7B-Instruct,5,english,37241,24.49,0.015026,60.57,22558,37241
Qwen/Qwen2.5-Math-7B-Instruct,5,spanish,13138,8.64,0.014293,0.62,81,13138
Qwen/Qwen2.5-Math-7B-Instruct,5,chinese,59240,38.96,0.015388,15.66,9275,59240
Qwen/Qwen2.5-Math-7B-Instruct,5,french,26726,17.58,0.014334,0.7,188,26726
Qwen/Qwen2.5-Math-7B-Instruct,5,german,15719,10.34,0.014303,0.25,39,15719
Qwen/Qwen2.5-Math-7B-Instruct,6,english,22404,14.73,0.013476,61.7,13823,22404
Qwen/Qwen2.5-Math-7B-Instruct,6,spanish,15070,9.91,0.01295,0.6,90,15070
Qwen/Qwen2.5-Math-7B-Instruct,6,chinese,46613,30.65,0.013612,15.15,7060,46613
Qwen/Qwen2.5-Math-7B-Instruct,6,french,29908,19.67,0.013257,0.78,232,29908
Qwen/Qwen2.5-Math-7B-Instruct,6,german,38069,25.03,0.01344,0.19,72,38069
Qwen/Qwen2.5-Math-7B-Instruct,7,english,20446,13.45,0.015262,62.45,12769,20446
Qwen/Qwen2.5-Math-7B-Instruct,7,spanish,27310,17.96,0.01504,0.65,177,27310
Qwen/Qwen2.5-Math-7B-Instruct,7,chinese,59790,39.32,0.015717,15.52,9279,59790
Qwen/Qwen2.5-Math-7B-Instruct,7,french,24224,15.93,0.014948,0.83,200,24224
Qwen/Qwen2.5-Math-7B-Instruct,7,german,20294,13.35,0.014639,0.27,54,20294
Qwen/Qwen2.5-Math-7B-Instruct,8,english,78802,51.82,0.015948,53.89,42466,78802
Qwen/Qwen2.5-Math-7B-Instruct,8,spanish,9778,6.43,0.013319,0.54,53,9778
Qwen/Qwen2.5-Math-7B-Instruct,8,chinese,19695,12.95,0.014321,15.72,3097,19695
Qwen/Qwen2.5-Math-7B-Instruct,8,french,22759,14.97,0.013779,0.58,131,22759
Qwen/Qwen2.5-Math-7B-Instruct,8,german,21030,13.83,0.013633,0.25,53,21030
Qwen/Qwen2.5-Math-7B-Instruct,9,english,26560,17.47,0.017222,61.25,16267,26560
Qwen/Qwen2.5-Math-7B-Instruct,9,spanish,13592,8.94,0.016001,0.68,93,13592
Qwen/Qwen2.5-Math-7B-Instruct,9,chinese,48638,31.99,0.018326,15.66,7617,48638
Qwen/Qwen2.5-Math-7B-Instruct,9,french,53943,35.47,0.017442,0.67,360,53943
Qwen/Qwen2.5-Math-7B-Instruct,9,german,9331,6.14,0.015173,0.24,22,9331
Qwen/Qwen2.5-Math-7B-Instruct,10,english,16592,10.91,0.018581,64.68,10732,16592
Qwen/Qwen2.5-Math-7B-Instruct,10,spanish,14489,9.53,0.018067,0.65,94,14489
Qwen/Qwen2.5-Math-7B-Instruct,10,chinese,60701,39.92,0.020941,15.15,9198,60701
Qwen/Qwen2.5-Math-7B-Instruct,10,french,52344,34.42,0.019975,0.71,370,52344
Qwen/Qwen2.5-Math-7B-Instruct,10,german,7938,5.22,0.016812,0.14,11,7938
Qwen/Qwen2.5-Math-7B-Instruct,11,english,42966,28.26,0.012028,51.88,22291,42966
Qwen/Qwen2.5-Math-7B-Instruct,11,spanish,10958,7.21,0.013602,0.58,64,10958
Qwen/Qwen2.5-Math-7B-Instruct,11,chinese,27444,18.05,0.014183,15.65,4295,27444
Qwen/Qwen2.5-Math-7B-Instruct,11,french,37029,24.35,0.013763,0.71,263,37029
Qwen/Qwen2.5-Math-7B-Instruct,11,german,33667,22.14,0.013311,0.23,77,33667
Qwen/Qwen2.5-Math-7B-Instruct,12,english,34264,22.53,0.01761,57.45,19686,34264
Qwen/Qwen2.5-Math-7B-Instruct,12,spanish,11858,7.8,0.016139,0.7,83,11858
Qwen/Qwen2.5-Math-7B-Instruct,12,chinese,18751,12.33,0.017618,16.17,3032,18751
Qwen/Qwen2.5-Math-7B-Instruct,12,french,63891,42.02,0.018358,0.69,439,63891
Qwen/Qwen2.5-Math-7B-Instruct,12,german,23300,15.32,0.017074,0.18,42,23300
Qwen/Qwen2.5-Math-7B-Instruct,13,english,19576,12.87,0.01847,62.09,12154,19576
Qwen/Qwen2.5-Math-7B-Instruct,13,spanish,17401,11.44,0.017949,0.95,166,17401
Qwen/Qwen2.5-Math-7B-Instruct,13,chinese,57608,37.88,0.019194,15.38,8859,57608
Qwen/Qwen2.5-Math-7B-Instruct,13,french,33252,21.87,0.018764,0.72,241,33252
Qwen/Qwen2.5-Math-7B-Instruct,13,german,24227,15.93,0.018523,0.21,50,24227
Qwen/Qwen2.5-Math-7B-Instruct,14,english,30329,19.94,0.019753,61.84,18755,30329
Qwen/Qwen2.5-Math-7B-Instruct,14,spanish,7348,4.83,0.017506,0.79,58,7348
Qwen/Qwen2.5-Math-7B-Instruct,14,chinese,27372,18.0,0.019943,16.93,4633,27372
Qwen/Qwen2.5-Math-7B-Instruct,14,french,67459,44.36,0.020414,0.74,499,67459
Qwen/Qwen2.5-Math-7B-Instruct,14,german,19556,12.86,0.018483,0.26,51,19556
Qwen/Qwen2.5-Math-7B-Instruct,15,english,20935,13.77,0.013118,63.84,13364,20935
Qwen/Qwen2.5-Math-7B-Instruct,15,spanish,15192,9.99,0.012584,0.78,118,15192
Qwen/Qwen2.5-Math-7B-Instruct,15,chinese,16114,10.6,0.013253,15.89,2560,16114
Qwen/Qwen2.5-Math-7B-Instruct,15,french,55360,36.41,0.012772,0.78,430,55360
Qwen/Qwen2.5-Math-7B-Instruct,15,german,44463,29.24,0.013426,0.24,106,44463
Qwen/Qwen2.5-Math-7B-Instruct,16,english,18160,11.94,0.015752,63.55,11540,18160
Qwen/Qwen2.5-Math-7B-Instruct,16,spanish,26046,17.13,0.015757,0.9,235,26046
Qwen/Qwen2.5-Math-7B-Instruct,16,chinese,55899,36.76,0.016211,15.09,8437,55899
Qwen/Qwen2.5-Math-7B-Instruct,16,french,29416,19.34,0.015807,0.66,195,29416
Qwen/Qwen2.5-Math-7B-Instruct,16,german,22543,14.82,0.015764,0.26,58,22543
Qwen/Qwen2.5-Math-7B-Instruct,17,english,23625,15.54,0.015259,62.92,14866,23625
Qwen/Qwen2.5-Math-7B-Instruct,17,spanish,20984,13.8,0.014726,0.92,194,20984
Qwen/Qwen2.5-Math-7B-Instruct,17,chinese,22015,14.48,0.015492,16.35,3599,22015
Qwen/Qwen2.5-Math-7B-Instruct,17,french,47829,31.45,0.014406,0.72,343,47829
Qwen/Qwen2.5-Math-7B-Instruct,17,german,37611,24.73,0.015305,0.28,107,37611
Qwen/Qwen2.5-Math-7B-Instruct,18,english,31341,20.61,0.019409,61.58,19301,31341
Qwen/Qwen2.5-Math-7B-Instruct,18,spanish,12197,8.02,0.017215,0.83,101,12197
Qwen/Qwen2.5-Math-7B-Instruct,18,chinese,30468,20.04,0.019956,16.36,4985,30468
Qwen/Qwen2.5-Math-7B-Instruct,18,french,48551,31.93,0.018598,0.7,338,48551
Qwen/Qwen2.5-Math-7B-Instruct,18,german,29507,19.4,0.019045,0.22,64,29507
Qwen/Qwen2.5-Math-7B-Instruct,19,english,11665,7.67,0.013023,66.3,7734,11665
Qwen/Qwen2.5-Math-7B-Instruct,19,spanish,9126,6.0,0.012364,0.77,70,9126
Qwen/Qwen2.5-Math-7B-Instruct,19,chinese,45549,29.95,0.015614,16.21,7385,45549
Qwen/Qwen2.5-Math-7B-Instruct,19,french,64208,42.22,0.014451,0.8,511,64208
Qwen/Qwen2.5-Math-7B-Instruct,19,german,21516,14.15,0.013993,0.15,33,21516
Qwen/Qwen2.5-Math-7B-Instruct,20,english,7765,5.11,0.015698,68.32,5305,7765
Qwen/Qwen2.5-Math-7B-Instruct,20,spanish,13138,8.64,0.015341,0.85,112,13138
Qwen/Qwen2.5-Math-7B-Instruct,20,chinese,42151,27.72,0.018117,15.74,6634,42151
Qwen/Qwen2.5-Math-7B-Instruct,20,french,61476,40.43,0.017226,0.75,460,61476
Qwen/Qwen2.5-Math-7B-Instruct,20,german,27534,18.11,0.016707,0.26,71,27534
Qwen/Qwen2.5-Math-7B-Instruct,21,english,4175,2.75,0.017186,72.79,3039,4175
Qwen/Qwen2.5-Math-7B-Instruct,21,spanish,17756,11.68,0.018169,0.81,144,17756
Qwen/Qwen2.5-Math-7B-Instruct,21,chinese,63073,41.48,0.021375,15.25,9619,63073
Qwen/Qwen2.5-Math-7B-Instruct,21,french,18867,12.41,0.01824,0.7,133,18867
Qwen/Qwen2.5-Math-7B-Instruct,21,german,48193,31.69,0.019811,0.21,102,48193
Qwen/Qwen2.5-Math-7B-Instruct,22,english,5189,3.41,0.018071,72.25,3749,5189
Qwen/Qwen2.5-Math-7B-Instruct,22,spanish,6120,4.02,0.016791,0.54,33,6120
Qwen/Qwen2.5-Math-7B-Instruct,22,chinese,87353,57.44,0.022932,15.69,13708,87353
Qwen/Qwen2.5-Math-7B-Instruct,22,french,17107,11.25,0.018364,0.87,148,17107
Qwen/Qwen2.5-Math-7B-Instruct,22,german,36295,23.87,0.020485,0.22,81,36295
Qwen/Qwen2.5-Math-7B-Instruct,23,english,13609,8.95,0.015886,65.71,8942,13609
Qwen/Qwen2.5-Math-7B-Instruct,23,spanish,8911,5.86,0.014626,0.93,83,8911
Qwen/Qwen2.5-Math-7B-Instruct,23,chinese,20034,13.17,0.016914,16.96,3397,20034
Qwen/Qwen2.5-Math-7B-Instruct,23,french,22911,15.07,0.016631,0.84,193,22911
Qwen/Qwen2.5-Math-7B-Instruct,23,german,86599,56.95,0.019628,0.23,202,86599
Qwen/Qwen2.5-Math-7B-Instruct,24,english,12990,8.54,0.013502,66.39,8624,12990
Qwen/Qwen2.5-Math-7B-Instruct,24,spanish,12163,8.0,0.013332,1.06,129,12163
Qwen/Qwen2.5-Math-7B-Instruct,24,chinese,33433,21.99,0.014668,16.15,5399,33433
Qwen/Qwen2.5-Math-7B-Instruct,24,french,45400,29.86,0.013899,0.73,333,45400
Qwen/Qwen2.5-Math-7B-Instruct,24,german,48078,31.62,0.014993,0.33,159,48078
Qwen/Qwen2.5-Math-7B-Instruct,25,english,49553,32.59,0.017349,54.7,27106,49553
Qwen/Qwen2.5-Math-7B-Instruct,25,spanish,12472,8.2,0.016184,1.12,140,12472
Qwen/Qwen2.5-Math-7B-Instruct,25,chinese,7925,5.21,0.015459,16.95,1343,7925
Qwen/Qwen2.5-Math-7B-Instruct,25,french,35286,23.2,0.018277,0.78,276,35286
Qwen/Qwen2.5-Math-7B-Instruct,25,german,46828,30.79,0.018602,0.34,159,46828
Qwen/Qwen2.5-Math-7B-Instruct,26,english,14440,9.5,0.019108,65.51,9460,14440
Qwen/Qwen2.5-Math-7B-Instruct,26,spanish,6650,4.37,0.018373,1.07,71,6650
Qwen/Qwen2.5-Math-7B-Instruct,26,chinese,21985,14.46,0.020457,16.61,3652,21985
Qwen/Qwen2.5-Math-7B-Instruct,26,french,69938,45.99,0.0227,0.76,530,69938
Qwen/Qwen2.5-Math-7B-Instruct,26,german,39051,25.68,0.022026,0.36,139,39051
Qwen/Qwen2.5-Math-7B-Instruct,27,english,19318,12.7,0.016541,64.45,12450,19318
Qwen/Qwen2.5-Math-7B-Instruct,27,spanish,6252,4.11,0.016296,1.2,75,6252
Qwen/Qwen2.5-Math-7B-Instruct,27,chinese,11760,7.73,0.015842,17.9,2105,11760
Qwen/Qwen2.5-Math-7B-Instruct,27,french,27173,17.87,0.017995,0.82,223,27173
Qwen/Qwen2.5-Math-7B-Instruct,27,german,87561,57.58,0.020469,0.26,228,87561
nvidia/OpenMath2-Llama3.1-8B,0,english,14516,11.32,0.017888,77.9,11308,14516
nvidia/OpenMath2-Llama3.1-8B,0,spanish,16854,13.14,0.017862,0.88,149,16854
nvidia/OpenMath2-Llama3.1-8B,0,chinese,33620,26.21,0.020087,3.56,1197,33620
nvidia/OpenMath2-Llama3.1-8B,0,french,35253,27.49,0.02002,0.72,254,35253
nvidia/OpenMath2-Llama3.1-8B,0,german,28013,21.84,0.019208,0.24,67,28013
nvidia/OpenMath2-Llama3.1-8B,1,english,16116,12.57,0.017209,77.08,12422,16116
nvidia/OpenMath2-Llama3.1-8B,1,spanish,21485,16.75,0.017493,1.18,253,21485
nvidia/OpenMath2-Llama3.1-8B,1,chinese,14308,11.16,0.016979,2.73,391,14308
nvidia/OpenMath2-Llama3.1-8B,1,french,50560,39.42,0.020356,0.92,465,50560
nvidia/OpenMath2-Llama3.1-8B,1,german,25787,20.11,0.018098,0.19,48,25787
nvidia/OpenMath2-Llama3.1-8B,2,english,25976,20.25,0.019058,74.57,19371,25976
nvidia/OpenMath2-Llama3.1-8B,2,spanish,23142,18.04,0.019097,1.06,245,23142
nvidia/OpenMath2-Llama3.1-8B,2,chinese,14979,11.68,0.017736,2.8,419,14979
nvidia/OpenMath2-Llama3.1-8B,2,french,45408,35.4,0.021388,0.85,386,45408
nvidia/OpenMath2-Llama3.1-8B,2,german,18751,14.62,0.018137,0.19,35,18751
nvidia/OpenMath2-Llama3.1-8B,3,english,20352,15.87,0.019184,77.33,15739,20352
nvidia/OpenMath2-Llama3.1-8B,3,spanish,22902,17.86,0.019177,1.41,323,22902
nvidia/OpenMath2-Llama3.1-8B,3,chinese,47212,36.81,0.022389,3.38,1598,47212
nvidia/OpenMath2-Llama3.1-8B,3,french,28090,21.9,0.019786,0.76,213,28090
nvidia/OpenMath2-Llama3.1-8B,3,german,9700,7.56,0.017553,0.13,13,9700
nvidia/OpenMath2-Llama3.1-8B,4,english,16545,12.9,0.017899,76.82,12710,16545
nvidia/OpenMath2-Llama3.1-8B,4,spanish,26612,20.75,0.018873,1.58,421,26612
nvidia/OpenMath2-Llama3.1-8B,4,chinese,49585,38.66,0.021775,3.53,1751,49585
nvidia/OpenMath2-Llama3.1-8B,4,french,20626,16.08,0.018615,0.55,113,20626
nvidia/OpenMath2-Llama3.1-8B,4,german,14888,11.61,0.017855,0.19,29,14888
nvidia/OpenMath2-Llama3.1-8B,5,english,11405,8.89,0.017778,79.53,9070,11405
nvidia/OpenMath2-Llama3.1-8B,5,spanish,20240,15.78,0.019254,1.52,308,20240
nvidia/OpenMath2-Llama3.1-8B,5,chinese,45641,35.59,0.022087,3.44,1572,45641
nvidia/OpenMath2-Llama3.1-8B,5,french,29003,22.61,0.020224,0.71,205,29003
nvidia/OpenMath2-Llama3.1-8B,5,german,21967,17.13,0.019664,0.2,45,21967
nvidia/OpenMath2-Llama3.1-8B,6,english,10244,7.99,0.017416,82.62,8464,10244
nvidia/OpenMath2-Llama3.1-8B,6,spanish,17266,13.46,0.018364,1.33,229,17266
nvidia/OpenMath2-Llama3.1-8B,6,chinese,49402,38.52,0.022462,3.52,1738,49402
nvidia/OpenMath2-Llama3.1-8B,6,french,32124,25.05,0.020474,0.77,248,32124
nvidia/OpenMath2-Llama3.1-8B,6,german,19220,14.99,0.019138,0.23,44,19220
nvidia/OpenMath2-Llama3.1-8B,7,english,12835,10.01,0.018849,80.94,10389,12835
nvidia/OpenMath2-Llama3.1-8B,7,spanish,11297,8.81,0.017952,0.95,107,11297
nvidia/OpenMath2-Llama3.1-8B,7,chinese,69129,53.9,0.025903,3.68,2543,69129
nvidia/OpenMath2-Llama3.1-8B,7,french,19494,15.2,0.019743,0.59,115,19494
nvidia/OpenMath2-Llama3.1-8B,7,german,15501,12.09,0.019451,0.19,30,15501
nvidia/OpenMath2-Llama3.1-8B,8,english,22783,17.76,0.020073,74.81,17045,22783
nvidia/OpenMath2-Llama3.1-8B,8,spanish,8411,6.56,0.018242,0.59,50,8411
nvidia/OpenMath2-Llama3.1-8B,8,chinese,58568,45.66,0.024539,3.6,2109,58568
nvidia/OpenMath2-Llama3.1-8B,8,french,16493,12.86,0.019113,0.5,82,16493
nvidia/OpenMath2-Llama3.1-8B,8,german,22001,17.15,0.020227,0.19,41,22001
nvidia/OpenMath2-Llama3.1-8B,9,english,17706,13.81,0.01896,76.58,13559,17706
nvidia/OpenMath2-Llama3.1-8B,9,spanish,9876,7.7,0.017541,0.69,68,9876
nvidia/OpenMath2-Llama3.1-8B,9,chinese,68463,53.38,0.024769,3.76,2576,68463
nvidia/OpenMath2-Llama3.1-8B,9,french,15759,12.29,0.01858,0.53,83,15759
nvidia/OpenMath2-Llama3.1-8B,9,german,16452,12.83,0.018885,0.18,30,16452
nvidia/OpenMath2-Llama3.1-8B,10,english,16336,12.74,0.019121,75.7,12366,16336
nvidia/OpenMath2-Llama3.1-8B,10,spanish,10745,8.38,0.018625,0.81,87,10745
nvidia/OpenMath2-Llama3.1-8B,10,chinese,68158,53.14,0.025799,3.59,2448,68158
nvidia/OpenMath2-Llama3.1-8B,10,french,17145,13.37,0.019978,0.5,85,17145
nvidia/OpenMath2-Llama3.1-8B,10,german,15872,12.38,0.019575,0.21,34,15872
nvidia/OpenMath2-Llama3.1-8B,11,english,15645,12.2,0.019053,75.89,11873,15645
nvidia/OpenMath2-Llama3.1-8B,11,spanish,14472,11.28,0.018347,1.16,168,14472
nvidia/OpenMath2-Llama3.1-8B,11,chinese,68900,53.72,0.025412,3.67,2530,68900
nvidia/OpenMath2-Llama3.1-8B,11,french,13200,10.29,0.01845,0.42,55,13200
nvidia/OpenMath2-Llama3.1-8B,11,german,16039,12.51,0.01894,0.16,25,16039
nvidia/OpenMath2-Llama3.1-8B,12,english,19344,15.08,0.020949,73.86,14288,19344
nvidia/OpenMath2-Llama3.1-8B,12,spanish,16064,12.52,0.02024,0.92,148,16064
nvidia/OpenMath2-Llama3.1-8B,12,chinese,63420,49.45,0.026298,3.7,2344,63420
nvidia/OpenMath2-Llama3.1-8B,12,french,15637,12.19,0.020102,0.51,79,15637
nvidia/OpenMath2-Llama3.1-8B,12,german,13791,10.75,0.019496,0.21,29,13791
nvidia/OpenMath2-Llama3.1-8B,13,english,17521,13.66,0.019484,75.0,13140,17521
nvidia/OpenMath2-Llama3.1-8B,13,spanish,24412,19.03,0.019935,1.24,302,24412
nvidia/OpenMath2-Llama3.1-8B,13,chinese,57140,44.55,0.024018,3.64,2082,57140
nvidia/OpenMath2-Llama3.1-8B,13,french,14423,11.25,0.018378,0.54,78,14423
nvidia/OpenMath2-Llama3.1-8B,13,german,14760,11.51,0.018497,0.22,33,14760
nvidia/OpenMath2-Llama3.1-8B,14,english,25652,20.0,0.020004,70.96,18202,25652
nvidia/OpenMath2-Llama3.1-8B,14,spanish,26649,20.78,0.019778,1.1,293,26649
nvidia/OpenMath2-Llama3.1-8B,14,chinese,37297,29.08,0.021467,3.37,1258,37297
nvidia/OpenMath2-Llama3.1-8B,14,french,13122,10.23,0.017987,0.56,74,13122
nvidia/OpenMath2-Llama3.1-8B,14,german,25536,19.91,0.019611,0.25,64,25536
nvidia/OpenMath2-Llama3.1-8B,15,english,20818,16.23,0.018899,72.48,15089,20818
nvidia/OpenMath2-Llama3.1-8B,15,spanish,26161,20.4,0.019235,1.2,315,26161
nvidia/OpenMath2-Llama3.1-8B,15,chinese,40684,31.72,0.021362,3.26,1327,40684
nvidia/OpenMath2-Llama3.1-8B,15,french,17645,13.76,0.018773,0.61,108,17645
nvidia/OpenMath2-Llama3.1-8B,15,german,22948,17.89,0.019027,0.19,44,22948
nvidia/OpenMath2-Llama3.1-8B,16,english,30167,23.52,0.019835,70.36,21225,30167
nvidia/OpenMath2-Llama3.1-8B,16,spanish,23446,18.28,0.019018,1.04,244,23446
nvidia/OpenMath2-Llama3.1-8B,16,chinese,32591,25.41,0.0204,3.06,997,32591
nvidia/OpenMath2-Llama3.1-8B,16,french,16477,12.85,0.018111,0.48,79,16477
nvidia/OpenMath2-Llama3.1-8B,16,german,25575,19.94,0.01907,0.25,63,25575
nvidia/OpenMath2-Llama3.1-8B,17,english,33212,25.9,0.01968,70.25,23330,33212
nvidia/OpenMath2-Llama3.1-8B,17,spanish,24847,19.37,0.018687,1.3,322,24847
nvidia/OpenMath2-Llama3.1-8B,17,chinese,30154,23.51,0.019786,2.94,886,30154
nvidia/OpenMath2-Llama3.1-8B,17,french,17859,13.92,0.018229,0.57,101,17859
nvidia/OpenMath2-Llama3.1-8B,17,german,22184,17.3,0.018482,0.28,62,22184
nvidia/OpenMath2-Llama3.1-8B,18,english,29867,23.29,0.018808,69.02,20615,29867
nvidia/OpenMath2-Llama3.1-8B,18,spanish,27914,21.76,0.018826,1.5,419,27914
nvidia/OpenMath2-Llama3.1-8B,18,chinese,30397,23.7,0.019282,2.93,892,30397
nvidia/OpenMath2-Llama3.1-8B,18,french,17511,13.65,0.017938,0.62,108,17511
nvidia/OpenMath2-Llama3.1-8B,18,german,22567,17.6,0.01814,0.28,63,22567
nvidia/OpenMath2-Llama3.1-8B,19,english,21683,16.91,0.01938,73.29,15891,21683
nvidia/OpenMath2-Llama3.1-8B,19,spanish,27776,21.66,0.019994,1.27,352,27776
nvidia/OpenMath2-Llama3.1-8B,19,chinese,30868,24.07,0.021162,3.15,973,30868
nvidia/OpenMath2-Llama3.1-8B,19,french,13680,10.67,0.018658,0.56,76,13680
nvidia/OpenMath2-Llama3.1-8B,19,german,34249,26.7,0.020951,0.29,99,34249
nvidia/OpenMath2-Llama3.1-8B,20,english,23158,18.06,0.019536,73.99,17134,23158
nvidia/OpenMath2-Llama3.1-8B,20,spanish,28098,21.91,0.02064,1.56,437,28098
nvidia/OpenMath2-Llama3.1-8B,20,chinese,24099,18.79,0.020347,3.17,763,24099
nvidia/OpenMath2-Llama3.1-8B,20,french,22458,17.51,0.019927,0.69,155,22458
nvidia/OpenMath2-Llama3.1-8B,20,german,30443,23.74,0.020996,0.32,96,30443
nvidia/OpenMath2-Llama3.1-8B,21,english,21688,16.91,0.018041,74.62,16183,21688
nvidia/OpenMath2-Llama3.1-8B,21,spanish,28876,22.51,0.018858,1.39,402,28876
nvidia/OpenMath2-Llama3.1-8B,21,chinese,25791,20.11,0.018863,3.04,783,25791
nvidia/OpenMath2-Llama3.1-8B,21,french,17979,14.02,0.017969,0.56,101,17979
nvidia/OpenMath2-Llama3.1-8B,21,german,33922,26.45,0.019058,0.28,94,33922
nvidia/OpenMath2-Llama3.1-8B,22,english,21550,16.8,0.018047,74.45,16043,21550
nvidia/OpenMath2-Llama3.1-8B,22,spanish,24267,18.92,0.019088,1.51,367,24267
nvidia/OpenMath2-Llama3.1-8B,22,chinese,24636,19.21,0.019434,2.93,721,24636
nvidia/OpenMath2-Llama3.1-8B,22,french,21331,16.63,0.018829,0.74,157,21331
nvidia/OpenMath2-Llama3.1-8B,22,german,36472,28.44,0.020106,0.23,85,36472
nvidia/OpenMath2-Llama3.1-8B,23,english,31382,24.47,0.018022,71.69,22498,31382
nvidia/OpenMath2-Llama3.1-8B,23,spanish,24501,19.1,0.017728,1.38,338,24501
nvidia/OpenMath2-Llama3.1-8B,23,chinese,30264,23.6,0.018449,3.24,981,30264
nvidia/OpenMath2-Llama3.1-8B,23,french,21309,16.61,0.018507,0.66,141,21309
nvidia/OpenMath2-Llama3.1-8B,23,german,20800,16.22,0.017218,0.25,52,20800
nvidia/OpenMath2-Llama3.1-8B,24,english,23166,18.06,0.018466,73.61,17052,23166
nvidia/OpenMath2-Llama3.1-8B,24,spanish,26136,20.38,0.01902,1.51,394,26136
nvidia/OpenMath2-Llama3.1-8B,24,chinese,27903,21.76,0.019238,3.16,881,27903
nvidia/OpenMath2-Llama3.1-8B,24,french,20773,16.2,0.019111,0.62,129,20773
nvidia/OpenMath2-Llama3.1-8B,24,german,30278,23.61,0.019446,0.28,86,30278
nvidia/OpenMath2-Llama3.1-8B,25,english,28553,22.26,0.020026,72.38,20666,28553
nvidia/OpenMath2-Llama3.1-8B,25,spanish,21757,16.96,0.019384,1.35,294,21757
nvidia/OpenMath2-Llama3.1-8B,25,chinese,23981,18.7,0.019934,2.8,671,23981
nvidia/OpenMath2-Llama3.1-8B,25,french,19309,15.06,0.019898,0.67,130,19309
nvidia/OpenMath2-Llama3.1-8B,25,german,34656,27.02,0.020898,0.32,112,34656
nvidia/OpenMath2-Llama3.1-8B,26,english,22260,17.36,0.017641,73.89,16449,22260
nvidia/OpenMath2-Llama3.1-8B,26,spanish,28204,21.99,0.01892,1.38,388,28204
nvidia/OpenMath2-Llama3.1-8B,26,chinese,23735,18.51,0.018569,2.72,645,23735
nvidia/OpenMath2-Llama3.1-8B,26,french,23066,17.98,0.018622,0.78,180,23066
nvidia/OpenMath2-Llama3.1-8B,26,german,30991,24.16,0.018724,0.29,91,30991
nvidia/OpenMath2-Llama3.1-8B,27,english,21288,16.6,0.018342,74.09,15772,21288
nvidia/OpenMath2-Llama3.1-8B,27,spanish,19364,15.1,0.018631,1.46,282,19364
nvidia/OpenMath2-Llama3.1-8B,27,chinese,33486,26.11,0.020284,2.95,989,33486
nvidia/OpenMath2-Llama3.1-8B,27,french,26365,20.56,0.019816,0.8,211,26365
nvidia/OpenMath2-Llama3.1-8B,27,german,27753,21.64,0.019726,0.3,82,27753
nvidia/OpenMath2-Llama3.1-8B,28,english,20918,16.31,0.019089,74.79,15644,20918
nvidia/OpenMath2-Llama3.1-8B,28,spanish,23442,18.28,0.020618,1.41,330,23442
nvidia/OpenMath2-Llama3.1-8B,28,chinese,25554,19.92,0.020766,2.85,729,25554
nvidia/OpenMath2-Llama3.1-8B,28,french,28241,22.02,0.021492,0.87,247,28241
nvidia/OpenMath2-Llama3.1-8B,28,german,30101,23.47,0.021285,0.27,82,30101
nvidia/OpenMath2-Llama3.1-8B,29,english,13226,10.31,0.017865,78.53,10387,13226
nvidia/OpenMath2-Llama3.1-8B,29,spanish,24610,19.19,0.020709,1.64,404,24610
nvidia/OpenMath2-Llama3.1-8B,29,chinese,34606,26.98,0.022009,3.39,1174,34606
nvidia/OpenMath2-Llama3.1-8B,29,french,32334,25.21,0.022173,0.71,231,32334
nvidia/OpenMath2-Llama3.1-8B,29,german,23480,18.31,0.020613,0.32,75,23480
nvidia/OpenMath2-Llama3.1-8B,30,english,13392,10.44,0.017033,80.21,10742,13392
nvidia/OpenMath2-Llama3.1-8B,30,spanish,17365,13.54,0.01881,1.57,272,17365
nvidia/OpenMath2-Llama3.1-8B,30,chinese,31655,24.68,0.020066,3.58,1133,31655
nvidia/OpenMath2-Llama3.1-8B,30,french,28886,22.52,0.020468,0.79,227,28886
nvidia/OpenMath2-Llama3.1-8B,30,german,36958,28.82,0.020543,0.31,115,36958
nvidia/OpenMath2-Llama3.1-8B,31,english,4941,3.85,0.020551,89.94,4444,4941
nvidia/OpenMath2-Llama3.1-8B,31,spanish,17523,13.66,0.021374,1.88,329,17523
nvidia/OpenMath2-Llama3.1-8B,31,chinese,41025,31.99,0.024816,4.46,1829,41025
nvidia/OpenMath2-Llama3.1-8B,31,french,23313,18.18,0.022628,0.9,210,23313
nvidia/OpenMath2-Llama3.1-8B,31,german,41454,32.32,0.02475,0.36,149,41454
open-r1/OpenR1-Qwen-7B,0,english,92088,60.56,0.02469,55.87,51453,92088
open-r1/OpenR1-Qwen-7B,0,spanish,34493,22.68,0.02151,0.91,314,34493
open-r1/OpenR1-Qwen-7B,0,chinese,6803,4.47,0.017411,17.23,1172,6803
open-r1/OpenR1-Qwen-7B,0,french,7479,4.92,0.01762,0.32,24,7479
open-r1/OpenR1-Qwen-7B,0,german,11201,7.37,0.018347,0.1,11,11201
open-r1/OpenR1-Qwen-7B,1,english,52048,34.23,0.012306,54.19,28205,52048
open-r1/OpenR1-Qwen-7B,1,spanish,30510,20.06,0.01334,0.87,265,30510
open-r1/OpenR1-Qwen-7B,1,chinese,13026,8.57,0.012919,16.84,2193,13026
open-r1/OpenR1-Qwen-7B,1,french,18507,12.17,0.013249,0.73,136,18507
open-r1/OpenR1-Qwen-7B,1,german,37973,24.97,0.014086,0.29,110,37973
open-r1/OpenR1-Qwen-7B,2,english,40548,26.67,0.013069,59.85,24268,40548
open-r1/OpenR1-Qwen-7B,2,spanish,29947,19.69,0.013532,0.79,237,29947
open-r1/OpenR1-Qwen-7B,2,chinese,11372,7.48,0.012407,16.27,1850,11372
open-r1/OpenR1-Qwen-7B,2,french,55150,36.27,0.013201,0.77,424,55150
open-r1/OpenR1-Qwen-7B,2,german,15047,9.9,0.01271,0.27,41,15047
open-r1/OpenR1-Qwen-7B,3,english,39418,25.92,0.018722,60.9,24007,39418
open-r1/OpenR1-Qwen-7B,3,spanish,37088,24.39,0.019133,0.91,336,37088
open-r1/OpenR1-Qwen-7B,3,chinese,7603,5.0,0.016734,13.51,1027,7603
open-r1/OpenR1-Qwen-7B,3,french,57265,37.66,0.019018,0.81,464,57265
open-r1/OpenR1-Qwen-7B,3,german,10690,7.03,0.017577,0.32,34,10690
open-r1/OpenR1-Qwen-7B,4,english,26261,17.27,0.014014,60.97,16011,26261
open-r1/OpenR1-Qwen-7B,4,spanish,18515,12.18,0.013936,0.74,137,18515
open-r1/OpenR1-Qwen-7B,4,chinese,17981,11.82,0.014202,15.3,2751,17981
open-r1/OpenR1-Qwen-7B,4,french,56027,36.84,0.013862,0.74,414,56027
open-r1/OpenR1-Qwen-7B,4,german,33280,21.89,0.014639,0.31,102,33280
open-r1/OpenR1-Qwen-7B,5,english,67911,44.66,0.015988,53.6,36399,67911
open-r1/OpenR1-Qwen-7B,5,spanish,16141,10.61,0.014557,0.82,132,16141
open-r1/OpenR1-Qwen-7B,5,chinese,14854,9.77,0.014713,14.06,2088,14854
open-r1/OpenR1-Qwen-7B,5,french,20251,13.32,0.01482,0.61,124,20251
open-r1/OpenR1-Qwen-7B,5,german,32907,21.64,0.015708,0.23,77,32907
open-r1/OpenR1-Qwen-7B,6,english,11333,7.45,0.015043,65.75,7452,11333
open-r1/OpenR1-Qwen-7B,6,spanish,29932,19.68,0.01639,0.8,239,29932
open-r1/OpenR1-Qwen-7B,6,chinese,65136,42.83,0.017281,15.23,9921,65136
open-r1/OpenR1-Qwen-7B,6,french,15778,10.38,0.01556,0.53,84,15778
open-r1/OpenR1-Qwen-7B,6,german,29885,19.65,0.016475,0.24,71,29885
open-r1/OpenR1-Qwen-7B,7,english,35155,23.12,0.012898,50.62,17796,35155
open-r1/OpenR1-Qwen-7B,7,spanish,28477,18.73,0.015319,0.72,206,28477
open-r1/OpenR1-Qwen-7B,7,chinese,36978,24.32,0.016157,15.6,5769,36978
open-r1/OpenR1-Qwen-7B,7,french,32520,21.39,0.014838,0.79,257,32520
open-r1/OpenR1-Qwen-7B,7,german,18934,12.45,0.015019,0.2,37,18934
open-r1/OpenR1-Qwen-7B,8,english,78566,51.67,0.019421,54.14,42539,78566
open-r1/OpenR1-Qwen-7B,8,spanish,15480,10.18,0.015938,0.62,96,15480
open-r1/OpenR1-Qwen-7B,8,chinese,35495,23.34,0.018421,15.66,5560,35495
open-r1/OpenR1-Qwen-7B,8,french,17431,11.46,0.016279,0.53,92,17431
open-r1/OpenR1-Qwen-7B,8,german,5092,3.35,0.014888,0.08,4,5092
open-r1/OpenR1-Qwen-7B,9,english,86751,57.05,0.023736,54.92,47645,86751
open-r1/OpenR1-Qwen-7B,9,spanish,27056,17.79,0.020251,0.77,209,27056
open-r1/OpenR1-Qwen-7B,9,chinese,13957,9.18,0.019316,14.43,2014,13957
open-r1/OpenR1-Qwen-7B,9,french,14554,9.57,0.018854,0.38,56,14554
open-r1/OpenR1-Qwen-7B,9,german,9746,6.41,0.017848,0.3,29,9746
open-r1/OpenR1-Qwen-7B,10,english,48424,31.84,0.016994,53.4,25860,48424
open-r1/OpenR1-Qwen-7B,10,spanish,9817,6.46,0.017072,0.51,50,9817
open-r1/OpenR1-Qwen-7B,10,chinese,60775,39.97,0.019313,16.2,9844,60775
open-r1/OpenR1-Qwen-7B,10,french,26312,17.3,0.016876,0.67,176,26312
open-r1/OpenR1-Qwen-7B,10,german,6736,4.43,0.015607,0.25,17,6736
open-r1/OpenR1-Qwen-7B,11,english,54528,35.86,0.016373,51.89,28295,54528
open-r1/OpenR1-Qwen-7B,11,spanish,23042,15.15,0.016271,0.72,165,23042
open-r1/OpenR1-Qwen-7B,11,chinese,36846,24.23,0.017811,15.89,5853,36846
open-r1/OpenR1-Qwen-7B,11,french,30849,20.29,0.01663,0.67,208,30849
open-r1/OpenR1-Qwen-7B,11,german,6799,4.47,0.014947,0.19,13,6799
open-r1/OpenR1-Qwen-7B,12,english,39385,25.9,0.017426,54.73,21557,39385
open-r1/OpenR1-Qwen-7B,12,spanish,6921,4.55,0.016198,0.59,41,6921
open-r1/OpenR1-Qwen-7B,12,chinese,48017,31.58,0.01884,15.41,7399,48017
open-r1/OpenR1-Qwen-7B,12,french,51238,33.7,0.018989,0.7,360,51238
open-r1/OpenR1-Qwen-7B,12,german,6503,4.28,0.01554,0.26,17,6503
open-r1/OpenR1-Qwen-7B,13,english,9687,6.37,0.015052,64.53,6251,9687
open-r1/OpenR1-Qwen-7B,13,spanish,15288,10.05,0.015673,0.75,114,15288
open-r1/OpenR1-Qwen-7B,13,chinese,35146,23.11,0.017884,15.13,5318,35146
open-r1/OpenR1-Qwen-7B,13,french,80311,52.81,0.018651,0.75,605,80311
open-r1/OpenR1-Qwen-7B,13,german,11632,7.65,0.015476,0.21,25,11632
open-r1/OpenR1-Qwen-7B,14,english,6932,4.56,0.016471,68.98,4782,6932
open-r1/OpenR1-Qwen-7B,14,spanish,13781,9.06,0.017929,0.57,79,13781
open-r1/OpenR1-Qwen-7B,14,chinese,102461,67.38,0.023497,15.89,16280,102461
open-r1/OpenR1-Qwen-7B,14,french,23483,15.44,0.018406,0.66,154,23483
open-r1/OpenR1-Qwen-7B,14,german,5407,3.56,0.016832,0.13,7,5407
open-r1/OpenR1-Qwen-7B,15,english,11691,7.69,0.016424,63.74,7452,11691
open-r1/OpenR1-Qwen-7B,15,spanish,18910,12.44,0.017445,0.62,117,18910
open-r1/OpenR1-Qwen-7B,15,chinese,63908,42.03,0.019691,14.63,9348,63908
open-r1/OpenR1-Qwen-7B,15,french,45394,29.85,0.019103,0.74,337,45394
open-r1/OpenR1-Qwen-7B,15,german,12161,8.0,0.01642,0.17,21,12161
open-r1/OpenR1-Qwen-7B,16,english,3949,2.6,0.016104,71.13,2809,3949
open-r1/OpenR1-Qwen-7B,16,spanish,11948,7.86,0.017223,0.71,85,11948
open-r1/OpenR1-Qwen-7B,16,chinese,31785,20.9,0.019868,15.24,4845,31785
open-r1/OpenR1-Qwen-7B,16,french,98361,64.68,0.022943,0.79,778,98361
open-r1/OpenR1-Qwen-7B,16,german,6021,3.96,0.016074,0.17,10,6021
open-r1/OpenR1-Qwen-7B,17,english,6633,4.36,0.014366,68.4,4537,6633
open-r1/OpenR1-Qwen-7B,17,spanish,18886,12.42,0.016039,0.78,148,18886
open-r1/OpenR1-Qwen-7B,17,chinese,90569,59.56,0.019803,15.49,14030,90569
open-r1/OpenR1-Qwen-7B,17,french,32509,21.38,0.01702,0.67,219,32509
open-r1/OpenR1-Qwen-7B,17,german,3467,2.28,0.015613,0.03,1,3467
open-r1/OpenR1-Qwen-7B,18,english,17106,11.25,0.018724,62.96,10770,17106
open-r1/OpenR1-Qwen-7B,18,spanish,8770,5.77,0.017868,0.76,67,8770
open-r1/OpenR1-Qwen-7B,18,chinese,38146,25.09,0.021057,16.65,6353,38146
open-r1/OpenR1-Qwen-7B,18,french,82854,54.49,0.022644,0.77,637,82854
open-r1/OpenR1-Qwen-7B,18,german,5188,3.41,0.018027,0.1,5,5188
open-r1/OpenR1-Qwen-7B,19,english,3106,2.04,0.015049,73.99,2298,3106
open-r1/OpenR1-Qwen-7B,19,spanish,10984,7.22,0.016159,0.78,86,10984
open-r1/OpenR1-Qwen-7B,19,chinese,65425,43.02,0.02005,15.67,10249,65425
open-r1/OpenR1-Qwen-7B,19,french,64678,42.53,0.020317,0.83,536,64678
open-r1/OpenR1-Qwen-7B,19,german,7871,5.18,0.016178,0.19,15,7871
open-r1/OpenR1-Qwen-7B,20,english,6133,4.03,0.014532,68.32,4190,6133
open-r1/OpenR1-Qwen-7B,20,spanish,13307,8.75,0.015657,0.82,109,13307
open-r1/OpenR1-Qwen-7B,20,chinese,70412,46.3,0.018605,15.44,10872,70412
open-r1/OpenR1-Qwen-7B,20,french,51714,34.01,0.018349,0.8,416,51714
open-r1/OpenR1-Qwen-7B,20,german,10498,6.9,0.015293,0.2,21,10498
open-r1/OpenR1-Qwen-7B,21,english,5163,3.4,0.017111,69.2,3573,5163
open-r1/OpenR1-Qwen-7B,21,spanish,8654,5.69,0.017991,0.59,51,8654
open-r1/OpenR1-Qwen-7B,21,chinese,76789,50.5,0.022977,15.05,11556,76789
open-r1/OpenR1-Qwen-7B,21,french,39614,26.05,0.021106,0.8,318,39614
open-r1/OpenR1-Qwen-7B,21,german,21844,14.37,0.019894,0.25,55,21844
open-r1/OpenR1-Qwen-7B,22,english,4197,2.76,0.017546,73.1,3068,4197
open-r1/OpenR1-Qwen-7B,22,spanish,10233,6.73,0.018507,0.7,72,10233
open-r1/OpenR1-Qwen-7B,22,chinese,77803,51.16,0.023022,15.24,11854,77803
open-r1/OpenR1-Qwen-7B,22,french,38976,25.63,0.021606,0.84,326,38976
open-r1/OpenR1-Qwen-7B,22,german,20855,13.71,0.020059,0.26,55,20855
open-r1/OpenR1-Qwen-7B,23,english,6848,4.5,0.015541,67.51,4623,6848
open-r1/OpenR1-Qwen-7B,23,spanish,31552,20.75,0.017059,0.9,285,31552
open-r1/OpenR1-Qwen-7B,23,chinese,35221,23.16,0.017945,16.42,5783,35221
open-r1/OpenR1-Qwen-7B,23,french,58398,38.4,0.017508,0.73,428,58398
open-r1/OpenR1-Qwen-7B,23,german,20045,13.18,0.016929,0.31,63,20045
open-r1/OpenR1-Qwen-7B,24,english,9108,5.99,0.01501,69.64,6343,9108
open-r1/OpenR1-Qwen-7B,24,spanish,14154,9.31,0.015578,1.25,177,14154
open-r1/OpenR1-Qwen-7B,24,chinese,27546,18.11,0.01705,17.53,4830,27546
open-r1/OpenR1-Qwen-7B,24,french,85226,56.05,0.019318,0.8,679,85226
open-r1/OpenR1-Qwen-7B,24,german,16030,10.54,0.016035,0.47,76,16030
open-r1/OpenR1-Qwen-7B,25,english,6702,4.41,0.01436,70.81,4746,6702
open-r1/OpenR1-Qwen-7B,25,spanish,17497,11.51,0.01544,1.18,206,17497
open-r1/OpenR1-Qwen-7B,25,chinese,26733,17.58,0.016468,18.31,4895,26733
open-r1/OpenR1-Qwen-7B,25,french,78551,51.66,0.018463,0.82,645,78551
open-r1/OpenR1-Qwen-7B,25,german,22581,14.85,0.016156,0.39,88,22581
open-r1/OpenR1-Qwen-7B,26,english,19263,12.67,0.016588,63.92,12313,19263
open-r1/OpenR1-Qwen-7B,26,spanish,16632,10.94,0.016775,1.16,193,16632
open-r1/OpenR1-Qwen-7B,26,chinese,20800,13.68,0.017244,18.03,3750,20800
open-r1/OpenR1-Qwen-7B,26,french,68734,45.2,0.018342,0.8,550,68734
open-r1/OpenR1-Qwen-7B,26,german,26635,17.52,0.017683,0.38,102,26635
open-r1/OpenR1-Qwen-7B,27,english,8153,5.36,0.015449,72.91,5944,8153
open-r1/OpenR1-Qwen-7B,27,spanish,14046,9.24,0.01572,1.04,146,14046
open-r1/OpenR1-Qwen-7B,27,chinese,68341,44.94,0.018171,15.81,10805,68341
open-r1/OpenR1-Qwen-7B,27,french,33758,22.2,0.017549,0.77,259,33758
open-r1/OpenR1-Qwen-7B,27,german,27766,18.26,0.016975,0.35,98,27766
openai/gpt-oss-20b,0,english,29326,14.58,0.018748,55.2,16188,29326
openai/gpt-oss-20b,0,spanish,37559,18.68,0.020145,1.9,712,37559
openai/gpt-oss-20b,0,chinese,56421,28.06,0.021454,4.0,2257,56421
openai/gpt-oss-20b,0,french,31145,15.49,0.019766,1.06,329,31145
openai/gpt-oss-20b,0,german,46637,23.19,0.021284,0.84,392,46637
openai/gpt-oss-20b,1,english,49377,24.55,0.024617,64.19,31694,49377
openai/gpt-oss-20b,1,spanish,29049,14.45,0.022648,1.5,435,29049
openai/gpt-oss-20b,1,chinese,54693,27.2,0.025442,6.13,3355,54693
openai/gpt-oss-20b,1,french,30148,14.99,0.023199,1.32,399,30148
openai/gpt-oss-20b,1,german,37821,18.81,0.023983,0.71,268,37821
openai/gpt-oss-20b,2,english,27659,13.75,0.0231,70.1,19390,27659
openai/gpt-oss-20b,2,spanish,41998,20.89,0.02394,1.95,820,41998
openai/gpt-oss-20b,2,chinese,59525,29.6,0.026422,6.75,4018,59525
openai/gpt-oss-20b,2,french,29825,14.83,0.022751,1.39,415,29825
openai/gpt-oss-20b,2,german,42081,20.93,0.024363,1.11,466,42081
openai/gpt-oss-20b,3,english,29850,14.84,0.02285,67.63,20189,29850
openai/gpt-oss-20b,3,spanish,41667,20.72,0.024233,1.83,762,41667
openai/gpt-oss-20b,3,chinese,62360,31.01,0.026805,6.02,3755,62360
openai/gpt-oss-20b,3,french,34313,17.06,0.023501,1.54,528,34313
openai/gpt-oss-20b,3,german,32898,16.36,0.022885,0.8,262,32898
openai/gpt-oss-20b,4,english,35675,17.74,0.023628,61.45,21923,35675
openai/gpt-oss-20b,4,spanish,36865,18.33,0.023511,2.74,1009,36865
openai/gpt-oss-20b,4,chinese,42331,21.05,0.024943,4.26,1803,42331
openai/gpt-oss-20b,4,french,39645,19.72,0.023864,1.29,512,39645
openai/gpt-oss-20b,4,german,46572,23.16,0.024638,0.59,273,46572
openai/gpt-oss-20b,5,english,35352,17.58,0.023413,65.27,23076,35352
openai/gpt-oss-20b,5,spanish,31246,15.54,0.023269,1.58,495,31246
openai/gpt-oss-20b,5,chinese,49552,24.64,0.025363,4.43,2197,49552
openai/gpt-oss-20b,5,french,45990,22.87,0.025292,1.05,482,45990
openai/gpt-oss-20b,5,german,38948,19.37,0.024743,0.39,153,38948
openai/gpt-oss-20b,6,english,40278,20.03,0.024293,60.41,24332,40278
openai/gpt-oss-20b,6,spanish,31765,15.8,0.023195,1.34,426,31765
openai/gpt-oss-20b,6,chinese,33506,16.66,0.023999,4.09,1369,33506
openai/gpt-oss-20b,6,french,51977,25.85,0.024695,1.37,710,51977
openai/gpt-oss-20b,6,german,43562,21.66,0.024656,0.29,126,43562
openai/gpt-oss-20b,7,english,40132,19.96,0.024506,58.33,23408,40132
openai/gpt-oss-20b,7,spanish,34219,17.02,0.02381,1.44,492,34219
openai/gpt-oss-20b,7,chinese,34301,17.06,0.023795,3.32,1138,34301
openai/gpt-oss-20b,7,french,52387,26.05,0.025031,0.95,498,52387
openai/gpt-oss-20b,7,german,40049,19.92,0.024358,0.22,89,40049
openai/gpt-oss-20b,8,english,44062,21.91,0.024705,57.77,25455,44062
openai/gpt-oss-20b,8,spanish,34383,17.1,0.023378,1.35,464,34383
openai/gpt-oss-20b,8,chinese,33863,16.84,0.023562,4.4,1489,33863
openai/gpt-oss-20b,8,french,48599,24.17,0.024681,1.17,567,48599
openai/gpt-oss-20b,8,german,40181,19.98,0.024295,0.23,91,40181
openai/gpt-oss-20b,9,english,42240,21.01,0.023655,57.47,24277,42240
openai/gpt-oss-20b,9,spanish,34022,16.92,0.023148,1.26,429,34022
openai/gpt-oss-20b,9,chinese,34475,17.14,0.023046,3.68,1267,34475
openai/gpt-oss-20b,9,french,47117,23.43,0.024159,0.92,434,47117
openai/gpt-oss-20b,9,german,43234,21.5,0.024217,0.23,101,43234
openai/gpt-oss-20b,10,english,56924,28.31,0.025402,57.55,32758,56924
openai/gpt-oss-20b,10,spanish,28690,14.27,0.022563,1.39,398,28690
openai/gpt-oss-20b,10,chinese,35304,17.56,0.023,1.49,527,35304
openai/gpt-oss-20b,10,french,47945,23.84,0.024242,1.21,579,47945
openai/gpt-oss-20b,10,german,32225,16.03,0.022803,0.15,47,32225
openai/gpt-oss-20b,11,english,52436,26.08,0.024997,58.11,30471,52436
openai/gpt-oss-20b,11,spanish,29630,14.73,0.023519,1.07,318,29630
openai/gpt-oss-20b,11,chinese,32587,16.21,0.022979,1.62,527,32587
openai/gpt-oss-20b,11,french,52216,25.97,0.025425,1.2,627,52216
openai/gpt-oss-20b,11,german,34219,17.02,0.023404,0.24,81,34219
openai/gpt-oss-20b,12,english,52317,26.02,0.025216,60.31,31553,52317
openai/gpt-oss-20b,12,spanish,30997,15.41,0.023828,1.28,396,30997
openai/gpt-oss-20b,12,chinese,30009,14.92,0.023079,2.33,700,30009
openai/gpt-oss-20b,12,french,56295,28.0,0.026114,1.03,578,56295
openai/gpt-oss-20b,12,german,31470,15.65,0.023468,0.18,57,31470
openai/gpt-oss-20b,13,english,59633,29.66,0.025642,57.4,34232,59633
openai/gpt-oss-20b,13,spanish,35787,17.8,0.024033,1.37,490,35787
openai/gpt-oss-20b,13,chinese,27528,13.69,0.022374,2.51,692,27528
openai/gpt-oss-20b,13,french,40170,19.98,0.024508,0.97,388,40170
openai/gpt-oss-20b,13,german,37970,18.88,0.023625,0.24,90,37970
openai/gpt-oss-20b,14,english,57384,28.54,0.026184,59.31,34034,57384
openai/gpt-oss-20b,14,spanish,46899,23.32,0.024817,1.96,919,46899
openai/gpt-oss-20b,14,chinese,22178,11.03,0.022191,7.56,1677,22178
openai/gpt-oss-20b,14,french,34402,17.11,0.024043,0.94,322,34402
openai/gpt-oss-20b,14,german,40225,20.0,0.023802,0.6,240,40225
openai/gpt-oss-20b,15,english,59601,29.64,0.025872,63.17,37647,59601
openai/gpt-oss-20b,15,spanish,33997,16.91,0.023248,2.13,723,33997
openai/gpt-oss-20b,15,chinese,26604,13.23,0.022542,7.36,1958,26604
openai/gpt-oss-20b,15,french,35327,17.57,0.023592,0.88,310,35327
openai/gpt-oss-20b,15,german,45559,22.66,0.024411,0.69,315,45559
openai/gpt-oss-20b,16,english,59309,29.49,0.023956,65.2,38670,59309
openai/gpt-oss-20b,16,spanish,33241,16.53,0.022261,2.48,825,33241
openai/gpt-oss-20b,16,chinese,34312,17.06,0.022175,6.67,2289,34312
openai/gpt-oss-20b,16,french,33424,16.62,0.023035,0.83,276,33424
openai/gpt-oss-20b,16,german,40802,20.29,0.023121,0.6,243,40802
openai/gpt-oss-20b,17,english,70563,35.09,0.026573,64.97,45846,70563
openai/gpt-oss-20b,17,spanish,32925,16.37,0.023492,2.05,675,32925
openai/gpt-oss-20b,17,chinese,31757,15.79,0.023125,5.23,1661,31757
openai/gpt-oss-20b,17,french,29488,14.66,0.023728,0.72,213,29488
openai/gpt-oss-20b,17,german,36355,18.08,0.024064,0.54,196,36355
openai/gpt-oss-20b,18,english,31805,15.82,0.024629,76.36,24286,31805
openai/gpt-oss-20b,18,spanish,42827,21.3,0.026857,3.43,1469,42827
openai/gpt-oss-20b,18,chinese,48683,24.21,0.028517,13.31,6480,48683
openai/gpt-oss-20b,18,french,40460,20.12,0.027311,1.7,689,40460
openai/gpt-oss-20b,18,german,37313,18.56,0.027316,2.07,772,37313
openai/gpt-oss-20b,19,english,29900,14.87,0.025213,80.9,24188,29900
openai/gpt-oss-20b,19,spanish,43831,21.8,0.02699,3.5,1535,43831
openai/gpt-oss-20b,19,chinese,54791,27.25,0.030672,12.42,6803,54791
openai/gpt-oss-20b,19,french,27871,13.86,0.025142,1.55,433,27871
openai/gpt-oss-20b,19,german,44695,22.23,0.027035,1.66,742,44695
openai/gpt-oss-20b,20,english,35579,17.69,0.024638,75.69,26929,35579
openai/gpt-oss-20b,20,spanish,43396,21.58,0.026492,3.59,1560,43396
openai/gpt-oss-20b,20,chinese,55985,27.84,0.030324,12.36,6917,55985
openai/gpt-oss-20b,20,french,31462,15.65,0.026092,1.65,518,31462
openai/gpt-oss-20b,20,german,34666,17.24,0.026036,2.26,785,34666
openai/gpt-oss-20b,21,english,36977,18.39,0.025055,74.41,27516,36977
openai/gpt-oss-20b,21,spanish,40333,20.06,0.027089,3.64,1470,40333
openai/gpt-oss-20b,21,chinese,54898,27.3,0.030125,11.61,6372,54898
openai/gpt-oss-20b,21,french,32690,16.26,0.026319,1.48,483,32690
openai/gpt-oss-20b,21,german,36190,18.0,0.026862,2.38,863,36190
openai/gpt-oss-20b,22,english,35781,17.79,0.024672,76.6,27410,35781
openai/gpt-oss-20b,22,spanish,31580,15.7,0.024719,3.34,1054,31580
openai/gpt-oss-20b,22,chinese,58748,29.22,0.0285,11.17,6565,58748
openai/gpt-oss-20b,22,french,42092,20.93,0.026842,1.3,548,42092
openai/gpt-oss-20b,22,german,32887,16.35,0.025382,2.32,762,32887
openai/gpt-oss-20b,23,english,28587,14.22,0.023948,77.54,22165,28587
openai/gpt-oss-20b,23,spanish,39643,19.71,0.025901,3.04,1205,39643
openai/gpt-oss-20b,23,chinese,59600,29.64,0.029054,10.89,6489,59600
openai/gpt-oss-20b,23,french,36846,18.32,0.02675,1.27,468,36846
openai/gpt-oss-20b,23,german,36412,18.11,0.026079,2.04,743,36412
